{
    "name": "root",
    "metadata": {
        "timer_format_version": "0.1.0",
        "start_time_seconds": "1769550862",
        "python_version": "3.10.12 | packaged by Anaconda, Inc. | (main, Jul  5 2023, 19:01:18) [MSC v.1916 64 bit (AMD64)]",
        "command_line_arguments": "C:\\Users\\natee\\scoop\\apps\\miniconda3\\current\\envs\\env\\Scripts\\mlagents-learn --force",
        "mlagents_version": "1.1.0",
        "mlagents_envs_version": "1.1.0",
        "communication_protocol_version": "1.5.0",
        "pytorch_version": "2.10.0+cpu",
        "numpy_version": "1.23.5",
        "end_time_seconds": "1769551063"
    },
    "total": 200.69401310000103,
    "count": 1,
    "self": 0.017533999984152615,
    "children": {
        "run_training.setup": {
            "total": 0.033318799978587776,
            "count": 1,
            "self": 0.033318799978587776
        },
        "TrainerController.start_learning": {
            "total": 200.6431603000383,
            "count": 1,
            "self": 0.1744039015029557,
            "children": {
                "TrainerController._reset_env": {
                    "total": 12.084498000040185,
                    "count": 1,
                    "self": 12.084498000040185
                },
                "TrainerController.advance": {
                    "total": 186.92475999851013,
                    "count": 4339,
                    "self": 0.1618911966215819,
                    "children": {
                        "env_step": {
                            "total": 175.4481811018777,
                            "count": 4339,
                            "self": 167.69684300164226,
                            "children": {
                                "SubprocessEnvManager._take_step": {
                                    "total": 7.647923401498701,
                                    "count": 4340,
                                    "self": 0.5202619000920095,
                                    "children": {
                                        "TorchPolicy.evaluate": {
                                            "total": 7.127661501406692,
                                            "count": 4340,
                                            "self": 7.127661501406692
                                        }
                                    }
                                },
                                "workers": {
                                    "total": 0.10341469873674214,
                                    "count": 4338,
                                    "self": 0.0,
                                    "children": {
                                        "worker_root": {
                                            "total": 102.10029560182011,
                                            "count": 4338,
                                            "is_parallel": true,
                                            "self": 31.168665902863722,
                                            "children": {
                                                "steps_from_proto": {
                                                    "total": 0.000964100006967783,
                                                    "count": 2,
                                                    "is_parallel": true,
                                                    "self": 0.00037809996865689754,
                                                    "children": {
                                                        "_process_rank_one_or_two_observation": {
                                                            "total": 0.0005860000383108854,
                                                            "count": 4,
                                                            "is_parallel": true,
                                                            "self": 0.0005860000383108854
                                                        }
                                                    }
                                                },
                                                "UnityEnvironment.step": {
                                                    "total": 70.93066559894942,
                                                    "count": 4338,
                                                    "is_parallel": true,
                                                    "self": 0.7723030962515622,
                                                    "children": {
                                                        "UnityEnvironment._generate_step_input": {
                                                            "total": 1.1167044030153193,
                                                            "count": 4338,
                                                            "is_parallel": true,
                                                            "self": 1.1167044030153193
                                                        },
                                                        "communicator.exchange": {
                                                            "total": 67.33976869849721,
                                                            "count": 4338,
                                                            "is_parallel": true,
                                                            "self": 67.33976869849721
                                                        },
                                                        "steps_from_proto": {
                                                            "total": 1.7018894011853263,
                                                            "count": 4338,
                                                            "is_parallel": true,
                                                            "self": 0.753325502271764,
                                                            "children": {
                                                                "_process_rank_one_or_two_observation": {
                                                                    "total": 0.9485638989135623,
                                                                    "count": 8676,
                                                                    "is_parallel": true,
                                                                    "self": 0.9485638989135623
                                                                }
                                                            }
                                                        }
                                                    }
                                                }
                                            }
                                        }
                                    }
                                }
                            }
                        },
                        "trainer_advance": {
                            "total": 11.314687700010836,
                            "count": 4338,
                            "self": 0.1863872993271798,
                            "children": {
                                "process_trajectory": {
                                    "total": 2.810451900761109,
                                    "count": 4338,
                                    "self": 2.810451900761109
                                },
                                "_update_policy": {
                                    "total": 8.317848499922547,
                                    "count": 2,
                                    "self": 6.404235699970741,
                                    "children": {
                                        "TorchPPOOptimizer.update": {
                                            "total": 1.9136127999518067,
                                            "count": 60,