{
    "name": "root",
    "metadata": {
        "timer_format_version": "0.1.0",
        "start_time_seconds": "1769552989",
        "python_version": "3.10.12 | packaged by Anaconda, Inc. | (main, Jul  5 2023, 19:01:18) [MSC v.1916 64 bit (AMD64)]",
        "command_line_arguments": "C:\\Users\\natee\\scoop\\apps\\miniconda3\\current\\envs\\env\\Scripts\\mlagents-learn --force",
        "mlagents_version": "1.1.0",
        "mlagents_envs_version": "1.1.0",
        "communication_protocol_version": "1.5.0",
        "pytorch_version": "2.10.0+cpu",
        "numpy_version": "1.23.5",
        "end_time_seconds": "1769553191"
    },
    "total": 201.9442414000514,
    "count": 1,
    "self": 10.007779900101013,
    "children": {
        "run_training.setup": {
            "total": 0.037911999970674515,
            "count": 1,
            "self": 0.037911999970674515
        },
        "TrainerController.start_learning": {
            "total": 191.8985494999797,
            "count": 1,
            "self": 0.08522089885082096,
            "children": {
                "TrainerController._reset_env": {
                    "total": 22.153638900024816,
                    "count": 1,
                    "self": 22.153638900024816
                },
                "TrainerController.advance": {
                    "total": 168.5134609011584,
                    "count": 2795,
                    "self": 0.08215500123333186,
                    "children": {
                        "env_step": {
                            "total": 164.52238370018313,
                            "count": 2795,
                            "self": 160.7439264014247,
                            "children": {
                                "SubprocessEnvManager._take_step": {
                                    "total": 3.7214988991618156,
                                    "count": 2796,
                                    "self": 0.276154498627875,
                                    "children": {
                                        "TorchPolicy.evaluate": {
                                            "total": 3.4453444005339406,
                                            "count": 2796,
                                            "self": 3.4453444005339406
                                        }
                                    }
                                },
                                "workers": {
                                    "total": 0.056958399596624076,
                                    "count": 2794,
                                    "self": 0.0,
                                    "children": {
                                        "worker_root": {
                                            "total": 141.02463640004862,
                                            "count": 2794,
                                            "is_parallel": true,
                                            "self": 15.24080090021016,
                                            "children": {
                                                "steps_from_proto": {
                                                    "total": 0.0012291999883018434,
                                                    "count": 2,
                                                    "is_parallel": true,
                                                    "self": 0.000458399998024106,
                                                    "children": {
                                                        "_process_rank_one_or_two_observation": {
                                                            "total": 0.0007707999902777374,
                                                            "count": 4,
                                                            "is_parallel": true,
                                                            "self": 0.0007707999902777374
                                                        }
                                                    }
                                                },
                                                "UnityEnvironment.step": {
                                                    "total": 125.78260629985016,
                                                    "count": 2794,
                                                    "is_parallel": true,
                                                    "self": 0.4842402996728197,
                                                    "children": {
                                                        "UnityEnvironment._generate_step_input": {
                                                            "total": 0.704265599430073,
                                                            "count": 2794,
                                                            "is_parallel": true,
                                                            "self": 0.704265599430073
                                                        },
                                                        "communicator.exchange": {
                                                            "total": 123.55669420107733,
                                                            "count": 2794,
                                                            "is_parallel": true,
                                                            "self": 123.55669420107733
                                                        },
                                                        "steps_from_proto": {
                                                            "total": 1.037406199669931,
                                                            "count": 2794,
                                                            "is_parallel": true,
                                                            "self": 0.44702919776318595,
                                                            "children": {
                                                                "_process_rank_one_or_two_observation": {
                                                                    "total": 0.5903770019067451,
                                                                    "count": 5588,
                                                                    "is_parallel": true,
                                                                    "self": 0.5903770019067451
                                                                }
                                                            }
                                                        }
                                                    }
                                                }
                                            }
                                        }
                                    }
                                }
                            }
                        },
                        "trainer_advance": {
                            "total": 3.908922199741937,
                            "count": 2794,
                            "self": 0.09309869882417843,
                            "children": {
                                "process_trajectory": {
                                    "total": 1.46425970090786,
                                    "count": 2794,
                                    "self": 1.46425970090786
                                },
                                "_update_policy": {
                                    "total": 2.351563800009899,
                                    "count": 1,
                                    "self": 1.6777032000245526,
                                    "children": {
                                        "TorchPPOOptimizer.update": {
                                            "total": 0.6738605999853462,
                                            "count": 30,